Deck,Page,Vision earned its cost (1 to 5),Notes,source_file,source_type,pages_in_deck,text_layer_words,text_layer_chars,text_blocks,placed_images,image_area_ratio,drawing_ops,ink_ratio,pptx_picture_shapes,pptx_chart_shapes,pptx_table_shapes,pptx_group_shapes,pptx_text_shapes,pptx_picture_area_ratio,pptx_native_words,vision_seconds,vision_words,vision_chars,novel_content_words,text_layer_content_words,novel_ratio,vision_model,vision_output_file,error
01_AI_L8_control,1,,,CM3020 Artificial Intelligence_lecture 8-2.pptx,pptx,32,24,144,2,1,0.5641,5,0.5652,1,0,0,0,2,0.5642,21,,,,,,,,,
01_AI_L8_control,2,,,CM3020 Artificial Intelligence_lecture 8-2.pptx,pptx,32,8,80,2,0,0.0,3,0.026,0,0,0,0,2,0.0,7,,,,,,,,,
01_AI_L8_control,3,,,CM3020 Artificial Intelligence_lecture 8-2.pptx,pptx,32,26,223,4,0,0.0,5,0.0609,0,0,0,0,2,0.0,20,,,,,,,,,
01_AI_L8_control,4,,,CM3020 Artificial Intelligence_lecture 8-2.pptx,pptx,32,105,691,3,0,0.0,5,0.0867,0,0,0,0,2,0.0,99,,,,,,,,,
01_AI_L8_control,5,,,CM3020 Artificial Intelligence_lecture 8-2.pptx,pptx,32,130,883,2,0,0.0,5,0.1101,0,0,0,0,2,0.0,125,,,,,,,,,
01_AI_L8_control,6,,,CM3020 Artificial Intelligence_lecture 8-2.pptx,pptx,32,76,470,3,0,0.0,5,0.0668,0,0,0,0,2,0.0,71,,,,,,,,,
01_AI_L8_control,7,,,CM3020 Artificial Intelligence_lecture 8-2.pptx,pptx,32,118,734,4,0,0.0,4,0.0949,0,0,0,0,3,0.0,111,,,,,,,,,
01_AI_L8_control,8,,,CM3020 Artificial Intelligence_lecture 8-2.pptx,pptx,32,100,663,7,0,0.0,3,0.0639,0,0,0,0,4,0.0,96,,,,,,,,,
01_AI_L8_control,9,,,CM3020 Artificial Intelligence_lecture 8-2.pptx,pptx,32,166,1001,3,1,0.2749,5,0.2746,1,0,0,0,2,0.2092,153,,,,,,,,,
01_AI_L8_control,10,,,CM3020 Artificial Intelligence_lecture 8-2.pptx,pptx,32,61,406,6,1,0.2071,2,0.1386,1,0,0,0,2,0.2071,52,,,,,,,,,
01_AI_L8_control,11,,,CM3020 Artificial Intelligence_lecture 8-2.pptx,pptx,32,78,601,3,1,0.3819,3,0.431,1,0,0,0,3,0.382,74,,,,,,,,,
01_AI_L8_control,12,,,CM3020 Artificial Intelligence_lecture 8-2.pptx,pptx,32,62,487,3,1,0.3819,3,0.4188,1,0,0,0,3,0.382,58,,,,,,,,,
01_AI_L8_control,13,,,CM3020 Artificial Intelligence_lecture 8-2.pptx,pptx,32,0,0,0,1,0.4728,2,0.2953,0,0,0,0,0,0.0,0,,,,,,,,,
01_AI_L8_control,14,,,CM3020 Artificial Intelligence_lecture 8-2.pptx,pptx,32,17,143,3,2,0.2749,3,0.1189,2,0,0,0,2,0.2749,15,,,,,,,,,
01_AI_L8_control,15,,,CM3020 Artificial Intelligence_lecture 8-2.pptx,pptx,32,18,153,3,1,0.0555,3,0.0558,1,0,0,0,2,0.0556,16,,,,,,,,,
01_AI_L8_control,16,,,CM3020 Artificial Intelligence_lecture 8-2.pptx,pptx,32,44,365,2,1,0.1123,5,0.1093,1,0,0,0,2,0.1123,38,,,,,,,,,
01_AI_L8_control,17,,,CM3020 Artificial Intelligence_lecture 8-2.pptx,pptx,32,63,445,3,1,0.3819,3,0.413,1,0,0,0,3,0.382,59,,,,,,,,,
01_AI_L8_control,18,,,CM3020 Artificial Intelligence_lecture 8-2.pptx,pptx,32,99,669,3,1,0.3819,3,0.44,1,0,0,0,3,0.382,90,,,,,,,,,
01_AI_L8_control,19,,,CM3020 Artificial Intelligence_lecture 8-2.pptx,pptx,32,8,76,2,0,0.0,3,0.0191,0,0,0,0,2,0.0,6,,,,,,,,,
01_AI_L8_control,20,,,CM3020 Artificial Intelligence_lecture 8-2.pptx,pptx,32,94,694,3,0,0.0,3,0.0784,0,0,0,0,3,0.0,88,,,,,,,,,
01_AI_L8_control,21,,,CM3020 Artificial Intelligence_lecture 8-2.pptx,pptx,32,65,426,2,2,0.3958,3,0.394,2,0,0,0,2,0.4522,58,,,,,,,,,
01_AI_L8_control,22,,,CM3020 Artificial Intelligence_lecture 8-2.pptx,pptx,32,99,901,4,2,0.2666,9,0.2883,0,0,0,1,2,0.0,83,,,,,,,,,
01_AI_L8_control,23,,,CM3020 Artificial Intelligence_lecture 8-2.pptx,pptx,32,22,387,3,1,0.124,8,0.1357,1,0,0,0,2,0.124,15,,,,,,,,,
01_AI_L8_control,24,,,CM3020 Artificial Intelligence_lecture 8-2.pptx,pptx,32,84,518,11,0,0.0,14,0.1072,0,0,0,3,3,0.0,67,,,,,,,,,
01_AI_L8_control,25,,,CM3020 Artificial Intelligence_lecture 8-2.pptx,pptx,32,57,365,2,0,0.0,2,0.045,0,0,0,0,2,0.0,48,,,,,,,,,
01_AI_L8_control,26,,,CM3020 Artificial Intelligence_lecture 8-2.pptx,pptx,32,35,196,2,0,0.0,2,0.0264,0,0,0,0,2,0.0,30,,,,,,,,,
01_AI_L8_control,27,,,CM3020 Artificial Intelligence_lecture 8-2.pptx,pptx,32,64,373,4,2,0.4212,2,0.1302,2,0,0,0,2,0.4074,56,,,,,,,,,
01_AI_L8_control,28,,,CM3020 Artificial Intelligence_lecture 8-2.pptx,pptx,32,109,771,9,0,0.0,15,0.1353,0,0,0,3,3,0.0,94,,,,,,,,,
01_AI_L8_control,29,,,CM3020 Artificial Intelligence_lecture 8-2.pptx,pptx,32,34,215,3,1,0.1406,2,0.0628,1,0,0,0,3,0.1406,33,,,,,,,,,
01_AI_L8_control,30,,,CM3020 Artificial Intelligence_lecture 8-2.pptx,pptx,32,34,208,2,1,0.494,2,0.3777,1,0,0,0,2,0.3413,30,,,,,,,,,
01_AI_L8_control,31,,,CM3020 Artificial Intelligence_lecture 8-2.pptx,pptx,32,62,361,3,1,0.0565,2,0.1217,1,0,0,0,2,0.0566,55,,,,,,,,,
01_AI_L8_control,32,,,CM3020 Artificial Intelligence_lecture 8-2.pptx,pptx,32,67,532,4,0,0.0,5,0.0815,0,0,0,0,3,0.0,57,,,,,,,,,
02_AI_L6_mixed,1,,,CM3020 Artificial Intelligence_lecture 6.pptx,pptx,34,37,219,7,0,0.0,5,0.9934,0,0,0,0,3,0.0,34,,,,,,,,,
02_AI_L6_mixed,2,,,CM3020 Artificial Intelligence_lecture 6.pptx,pptx,34,43,397,3,0,0.0,7,0.0873,0,0,0,0,2,0.0,35,,,,,,,,,
02_AI_L6_mixed,3,,,CM3020 Artificial Intelligence_lecture 6.pptx,pptx,34,46,280,2,0,0.0,2,0.055,0,0,0,0,2,0.0,40,,,,,,,,,
02_AI_L6_mixed,4,,,CM3020 Artificial Intelligence_lecture 6.pptx,pptx,34,59,405,3,1,0.1707,4,0.0797,1,0,0,0,3,0.1707,54,,,,,,,,,
02_AI_L6_mixed,5,,,CM3020 Artificial Intelligence_lecture 6.pptx,pptx,34,82,590,4,1,0.38,14,0.5513,0,0,0,1,3,0.0,74,,,,,,,,,
02_AI_L6_mixed,6,,,CM3020 Artificial Intelligence_lecture 6.pptx,pptx,34,18,93,3,1,0.9999,4,1.0,1,0,0,0,2,1.0,18,,,,,,,,,
02_AI_L6_mixed,7,,,CM3020 Artificial Intelligence_lecture 6.pptx,pptx,34,18,99,3,1,0.5641,5,0.5646,1,0,0,0,2,0.5642,18,,,,,,,,,
02_AI_L6_mixed,8,,,CM3020 Artificial Intelligence_lecture 6.pptx,pptx,34,15,79,3,3,0.401,4,0.3083,3,0,0,0,2,0.4011,15,,,,,,,,,
02_AI_L6_mixed,9,,,CM3020 Artificial Intelligence_lecture 6.pptx,pptx,34,29,298,6,1,0.2894,10,0.8548,1,0,0,0,4,0.2894,26,,,,,,,,,
02_AI_L6_mixed,10,,,CM3020 Artificial Intelligence_lecture 6.pptx,pptx,34,41,322,3,1,0.6176,11,0.2073,1,0,0,0,2,0.6177,32,,,,,,,,,
02_AI_L6_mixed,11,,,CM3020 Artificial Intelligence_lecture 6.pptx,pptx,34,139,1086,5,0,0.0,3,0.1268,0,0,0,0,4,0.0,131,,,,,,,,,
02_AI_L6_mixed,12,,,CM3020 Artificial Intelligence_lecture 6.pptx,pptx,34,130,761,5,1,0.0881,2,0.12,1,0,0,0,5,0.0881,119,,,,,,,,,
02_AI_L6_mixed,13,,,CM3020 Artificial Intelligence_lecture 6.pptx,pptx,34,143,833,4,0,0.0,2,0.1082,0,0,0,0,4,0.0,136,,,,,,,,,
02_AI_L6_mixed,14,,,CM3020 Artificial Intelligence_lecture 6.pptx,pptx,34,101,588,2,2,0.3885,5,0.4108,2,0,0,0,2,0.3886,95,,,,,,,,,
02_AI_L6_mixed,15,,,CM3020 Artificial Intelligence_lecture 6.pptx,pptx,34,134,776,3,0,0.0,2,0.116,0,0,0,0,2,0.0,129,,,,,,,,,
02_AI_L6_mixed,16,,,CM3020 Artificial Intelligence_lecture 6.pptx,pptx,34,77,391,6,2,0.3883,2,0.0586,2,0,0,0,2,0.1923,72,,,,,,,,,
02_AI_L6_mixed,17,,,CM3020 Artificial Intelligence_lecture 6.pptx,pptx,34,79,434,2,1,0.1448,2,0.088,1,0,0,0,2,0.1448,72,,,,,,,,,
02_AI_L6_mixed,18,,,CM3020 Artificial Intelligence_lecture 6.pptx,pptx,34,8,59,2,2,1.0,6,0.9955,1,0,0,0,2,0.7111,7,,,,,,,,,
02_AI_L6_mixed,19,,,CM3020 Artificial Intelligence_lecture 6.pptx,pptx,34,167,1225,9,0,0.0,28,0.4557,0,0,1,0,2,0.0,72,,,,,,,,,
02_AI_L6_mixed,20,,,CM3020 Artificial Intelligence_lecture 6.pptx,pptx,34,106,735,3,1,0.0927,4,0.1128,1,0,0,0,3,0.0927,99,,,,,,,,,
02_AI_L6_mixed,21,,,CM3020 Artificial Intelligence_lecture 6.pptx,pptx,34,59,554,3,1,0.1322,5,0.099,1,0,0,0,3,0.1322,54,,,,,,,,,
02_AI_L6_mixed,22,,,CM3020 Artificial Intelligence_lecture 6.pptx,pptx,34,89,685,7,1,0.0946,4,0.0986,1,0,0,0,3,0.0946,84,,,,,,,,,
02_AI_L6_mixed,23,,,CM3020 Artificial Intelligence_lecture 6.pptx,pptx,34,120,1015,7,1,0.1192,11,0.2034,0,0,0,1,2,0.0,105,,,,,,,,,
02_AI_L6_mixed,24,,,CM3020 Artificial Intelligence_lecture 6.pptx,pptx,34,10,90,3,2,1.0,7,0.9955,1,0,0,0,2,0.7111,8,,,,,,,,,
02_AI_L6_mixed,25,,,CM3020 Artificial Intelligence_lecture 6.pptx,pptx,34,147,1104,4,1,0.0732,7,0.1793,1,0,0,0,3,0.0323,133,,,,,,,,,
02_AI_L6_mixed,26,,,CM3020 Artificial Intelligence_lecture 6.pptx,pptx,34,176,1307,8,1,0.0732,9,0.1438,1,0,0,0,4,0.0323,162,,,,,,,,,
02_AI_L6_mixed,27,,,CM3020 Artificial Intelligence_lecture 6.pptx,pptx,34,121,828,5,1,0.134,7,0.5199,1,0,0,0,2,0.134,112,,,,,,,,,
02_AI_L6_mixed,28,,,CM3020 Artificial Intelligence_lecture 6.pptx,pptx,34,98,729,2,1,0.2371,9,0.2929,1,0,0,0,2,0.1931,87,,,,,,,,,
02_AI_L6_mixed,29,,,CM3020 Artificial Intelligence_lecture 6.pptx,pptx,34,2,67,1,1,0.9999,5,1.0,1,0,0,0,1,1.0,1,,,,,,,,,
02_AI_L6_mixed,30,,,CM3020 Artificial Intelligence_lecture 6.pptx,pptx,34,14,64,3,0,0.0,2,0.0145,0,0,0,0,3,0.0,13,,,,,,,,,
02_AI_L6_mixed,31,,,CM3020 Artificial Intelligence_lecture 6.pptx,pptx,34,16,135,4,1,0.2848,3,0.081,1,0,0,0,4,0.2848,15,,,,,,,,,
02_AI_L6_mixed,32,,,CM3020 Artificial Intelligence_lecture 6.pptx,pptx,34,12,58,1,1,0.731,4,0.9548,1,0,0,0,2,0.6596,12,,,,,,,,,
02_AI_L6_mixed,33,,,CM3020 Artificial Intelligence_lecture 6.pptx,pptx,34,26,135,4,2,0.4239,7,0.1522,1,0,0,0,2,0.1267,23,,,,,,,,,
02_AI_L6_mixed,34,,,CM3020 Artificial Intelligence_lecture 6.pptx,pptx,34,36,197,5,4,0.6065,9,0.2259,3,0,0,0,2,0.3093,32,,,,,,,,,
03_ISP_L10_image_heavy,1,,,CM3065 Lesson 10.pdf,pdf,30,9,64,2,12,1.0,2,0.6794,,,,,,,,,,,,,,,,
03_ISP_L10_image_heavy,2,,,CM3065 Lesson 10.pdf,pdf,30,8,58,1,13,1.0,2,0.9907,,,,,,,,,,,,,,,,
03_ISP_L10_image_heavy,3,,,CM3065 Lesson 10.pdf,pdf,30,32,231,2,6,1.0,2,0.2611,,,,,,,,,,,,,,,,
03_ISP_L10_image_heavy,4,,,CM3065 Lesson 10.pdf,pdf,30,2,12,1,13,1.0,2,0.997,,,,,,,,,,,,,,,,
03_ISP_L10_image_heavy,5,,,CM3065 Lesson 10.pdf,pdf,30,25,145,3,6,1.0,2,0.2545,,,,,,,,,,,,,,,,
03_ISP_L10_image_heavy,6,,,CM3065 Lesson 10.pdf,pdf,30,51,286,2,6,1.0,2,0.2781,,,,,,,,,,,,,,,,
03_ISP_L10_image_heavy,7,,,CM3065 Lesson 10.pdf,pdf,30,69,377,3,6,1.0,2,0.2825,,,,,,,,,,,,,,,,
03_ISP_L10_image_heavy,8,,,CM3065 Lesson 10.pdf,pdf,30,57,347,4,6,1.0,2,0.2789,,,,,,,,,,,,,,,,
03_ISP_L10_image_heavy,9,,,CM3065 Lesson 10.pdf,pdf,30,5,31,1,7,1.0,2,0.3797,,,,,,,,,,,,,,,,
03_ISP_L10_image_heavy,10,,,CM3065 Lesson 10.pdf,pdf,30,67,456,2,6,1.0,2,0.2989,,,,,,,,,,,,,,,,
03_ISP_L10_image_heavy,11,,,CM3065 Lesson 10.pdf,pdf,30,51,361,2,6,1.0,2,0.2814,,,,,,,,,,,,,,,,
03_ISP_L10_image_heavy,12,,,CM3065 Lesson 10.pdf,pdf,30,58,366,2,6,1.0,2,0.2821,,,,,,,,,,,,,,,,
03_ISP_L10_image_heavy,13,,,CM3065 Lesson 10.pdf,pdf,30,7,66,3,8,1.0,2,0.3574,,,,,,,,,,,,,,,,
03_ISP_L10_image_heavy,14,,,CM3065 Lesson 10.pdf,pdf,30,58,370,2,6,1.0,2,0.2815,,,,,,,,,,,,,,,,
03_ISP_L10_image_heavy,15,,,CM3065 Lesson 10.pdf,pdf,30,34,189,2,6,1.0,2,0.2514,,,,,,,,,,,,,,,,
03_ISP_L10_image_heavy,16,,,CM3065 Lesson 10.pdf,pdf,30,61,315,3,6,1.0,2,0.2749,,,,,,,,,,,,,,,,
03_ISP_L10_image_heavy,17,,,CM3065 Lesson 10.pdf,pdf,30,8,46,1,13,1.0,2,0.9923,,,,,,,,,,,,,,,,
03_ISP_L10_image_heavy,18,,,CM3065 Lesson 10.pdf,pdf,30,29,183,2,6,1.0,2,0.2493,,,,,,,,,,,,,,,,
03_ISP_L10_image_heavy,19,,,CM3065 Lesson 10.pdf,pdf,30,5,31,1,7,1.0,2,0.445,,,,,,,,,,,,,,,,
03_ISP_L10_image_heavy,20,,,CM3065 Lesson 10.pdf,pdf,30,19,131,3,7,1.0,2,0.3667,,,,,,,,,,,,,,,,
03_ISP_L10_image_heavy,21,,,CM3065 Lesson 10.pdf,pdf,30,48,285,3,7,1.0,3,0.3359,,,,,,,,,,,,,,,,
03_ISP_L10_image_heavy,22,,,CM3065 Lesson 10.pdf,pdf,30,51,279,2,7,1.0,4,0.3504,,,,,,,,,,,,,,,,
03_ISP_L10_image_heavy,23,,,CM3065 Lesson 10.pdf,pdf,30,46,257,2,7,1.0,3,0.3464,,,,,,,,,,,,,,,,
03_ISP_L10_image_heavy,24,,,CM3065 Lesson 10.pdf,pdf,30,32,183,2,7,1.0,3,0.338,,,,,,,,,,,,,,,,
03_ISP_L10_image_heavy,25,,,CM3065 Lesson 10.pdf,pdf,30,5,37,1,13,1.0,2,0.9933,,,,,,,,,,,,,,,,
03_ISP_L10_image_heavy,26,,,CM3065 Lesson 10.pdf,pdf,30,86,621,6,6,1.0,2,0.2896,,,,,,,,,,,,,,,,
03_ISP_L10_image_heavy,27,,,CM3065 Lesson 10.pdf,pdf,30,10,75,2,6,1.0,2,0.2423,,,,,,,,,,,,,,,,
03_ISP_L10_image_heavy,28,,,CM3065 Lesson 10.pdf,pdf,30,10,77,2,6,1.0,2,0.2424,,,,,,,,,,,,,,,,
03_ISP_L10_image_heavy,29,,,CM3065 Lesson 10.pdf,pdf,30,51,362,2,6,1.0,2,0.287,,,,,,,,,,,,,,,,
03_ISP_L10_image_heavy,30,,,CM3065 Lesson 10.pdf,pdf,30,4,18,1,13,1.0,2,0.9968,,,,,,,,,,,,,,,,
04_GP_T7_extreme,1,,,CM2030_GP_PPT7-CourseraWeeks13&14.pptx,pptx,15,43,267,2,1,0.0055,2,0.0398,1,0,0,0,2,0.0055,43,,,,,,,,,
04_GP_T7_extreme,2,,,CM2030_GP_PPT7-CourseraWeeks13&14.pptx,pptx,15,5,25,2,2,0.556,2,0.243,2,0,0,0,1,0.5561,5,,,,,,,,,
04_GP_T7_extreme,3,,,CM2030_GP_PPT7-CourseraWeeks13&14.pptx,pptx,15,5,25,2,3,0.4945,2,0.2969,3,0,0,0,1,0.4946,5,,,,,,,,,
04_GP_T7_extreme,4,,,CM2030_GP_PPT7-CourseraWeeks13&14.pptx,pptx,15,0,0,0,2,0.7435,2,0.4414,2,0,0,0,0,0.7436,0,,,,,,,,,
04_GP_T7_extreme,5,,,CM2030_GP_PPT7-CourseraWeeks13&14.pptx,pptx,15,0,0,0,3,0.7522,2,0.3471,3,0,0,0,0,0.7524,0,,,,,,,,,
04_GP_T7_extreme,6,,,CM2030_GP_PPT7-CourseraWeeks13&14.pptx,pptx,15,81,808,3,4,0.463,2,0.241,4,0,0,0,1,0.4632,81,,,,,,,,,
04_GP_T7_extreme,7,,,CM2030_GP_PPT7-CourseraWeeks13&14.pptx,pptx,15,190,1638,12,3,0.1916,2,0.2167,3,0,0,0,2,0.1917,190,,,,,,,,,
04_GP_T7_extreme,8,,,CM2030_GP_PPT7-CourseraWeeks13&14.pptx,pptx,15,0,0,0,2,0.5409,2,0.2672,2,0,0,0,0,0.5673,0,,,,,,,,,
04_GP_T7_extreme,9,,,CM2030_GP_PPT7-CourseraWeeks13&14.pptx,pptx,15,3,23,2,5,0.5604,2,0.2135,5,0,0,0,1,0.5605,3,,,,,,,,,
04_GP_T7_extreme,10,,,CM2030_GP_PPT7-CourseraWeeks13&14.pptx,pptx,15,11,82,3,4,0.4628,2,0.1945,4,0,0,0,2,0.463,11,,,,,,,,,
04_GP_T7_extreme,11,,,CM2030_GP_PPT7-CourseraWeeks13&14.pptx,pptx,15,126,1135,7,2,0.1889,2,0.1335,2,0,0,0,2,0.1889,126,,,,,,,,,
04_GP_T7_extreme,12,,,CM2030_GP_PPT7-CourseraWeeks13&14.pptx,pptx,15,51,515,6,2,0.1988,2,0.1108,2,0,0,0,2,0.1989,51,,,,,,,,,
04_GP_T7_extreme,13,,,CM2030_GP_PPT7-CourseraWeeks13&14.pptx,pptx,15,3,23,2,2,0.3359,2,0.2223,2,0,0,0,1,0.336,3,,,,,,,,,
04_GP_T7_extreme,14,,,CM2030_GP_PPT7-CourseraWeeks13&14.pptx,pptx,15,124,1146,7,2,0.1712,2,0.1326,2,0,0,0,2,0.1712,124,,,,,,,,,
04_GP_T7_extreme,15,,,CM2030_GP_PPT7-CourseraWeeks13&14.pptx,pptx,15,32,294,4,1,0.0055,6,0.0486,1,0,0,0,1,0.0055,31,,,,,,,,,
