Deck,Page,Vision earned its cost (1 to 5),Notes,source_file,source_type,pages_in_deck,text_layer_words,text_layer_chars,text_blocks,placed_images,image_area_ratio,drawing_ops,ink_ratio,pptx_picture_shapes,pptx_chart_shapes,pptx_table_shapes,pptx_group_shapes,pptx_text_shapes,pptx_picture_area_ratio,pptx_native_words,vision_seconds,vision_words,vision_chars,novel_content_words,text_layer_content_words,novel_ratio,vision_model,finish_reason,vision_output_file,error
01_AI_L8_control,1,,,CM3020 Artificial Intelligence_lecture 8-2.pptx,pptx,32,24,144,2,1,0.5641,5,0.5652,1,0,0,0,2,0.5642,21,8.29,56,311,14,12,0.5385,qwen2.5vl:7b,stop,outputs/c3_routing\vision\01_AI_L8_control_p001.txt,
01_AI_L8_control,2,,,CM3020 Artificial Intelligence_lecture 8-2.pptx,pptx,32,8,80,2,0,0.0,3,0.026,0,0,0,0,2,0.0,7,6.82,9,55,2,9,0.4,qwen2.5vl:7b,stop,outputs/c3_routing\vision\01_AI_L8_control_p002.txt,
01_AI_L8_control,3,,,CM3020 Artificial Intelligence_lecture 8-2.pptx,pptx,32,26,223,4,0,0.0,5,0.0609,0,0,0,0,2,0.0,20,8.32,28,242,3,17,0.1579,qwen2.5vl:7b,stop,outputs/c3_routing\vision\01_AI_L8_control_p003.txt,
01_AI_L8_control,4,,,CM3020 Artificial Intelligence_lecture 8-2.pptx,pptx,32,105,691,3,0,0.0,5,0.0867,0,0,0,0,2,0.0,99,9.05,108,708,2,54,0.0357,qwen2.5vl:7b,stop,outputs/c3_routing\vision\01_AI_L8_control_p004.txt,
01_AI_L8_control,5,,,CM3020 Artificial Intelligence_lecture 8-2.pptx,pptx,32,130,883,2,0,0.0,5,0.1101,0,0,0,0,2,0.0,125,3.06,133,897,2,66,0.0294,qwen2.5vl:7b,stop,outputs/c3_routing\vision\01_AI_L8_control_p005.txt,
01_AI_L8_control,6,,,CM3020 Artificial Intelligence_lecture 8-2.pptx,pptx,32,76,470,3,0,0.0,5,0.0668,0,0,0,0,2,0.0,71,8.88,79,487,2,38,0.05,qwen2.5vl:7b,stop,outputs/c3_routing\vision\01_AI_L8_control_p006.txt,
01_AI_L8_control,7,,,CM3020 Artificial Intelligence_lecture 8-2.pptx,pptx,32,118,734,4,0,0.0,4,0.0949,0,0,0,0,3,0.0,111,9.17,121,743,2,62,0.0312,qwen2.5vl:7b,stop,outputs/c3_routing\vision\01_AI_L8_control_p007.txt,
01_AI_L8_control,8,,,CM3020 Artificial Intelligence_lecture 8-2.pptx,pptx,32,100,663,7,0,0.0,3,0.0639,0,0,0,0,4,0.0,96,8.04,86,543,2,57,0.0408,qwen2.5vl:7b,stop,outputs/c3_routing\vision\01_AI_L8_control_p008.txt,
01_AI_L8_control,9,,,CM3020 Artificial Intelligence_lecture 8-2.pptx,pptx,32,166,1001,3,1,0.2749,5,0.2746,1,0,0,0,2,0.2092,153,9.83,206,1215,19,79,0.1939,qwen2.5vl:7b,stop,outputs/c3_routing\vision\01_AI_L8_control_p009.txt,
01_AI_L8_control,10,,,CM3020 Artificial Intelligence_lecture 8-2.pptx,pptx,32,61,406,6,1,0.2071,2,0.1386,1,0,0,0,2,0.2071,52,10.23,203,1324,56,30,0.6512,qwen2.5vl:7b,stop,outputs/c3_routing\vision\01_AI_L8_control_p010.txt,
01_AI_L8_control,11,,,CM3020 Artificial Intelligence_lecture 8-2.pptx,pptx,32,78,601,3,1,0.3819,3,0.431,1,0,0,0,3,0.382,74,9.36,136,901,25,47,0.3472,qwen2.5vl:7b,stop,outputs/c3_routing\vision\01_AI_L8_control_p011.txt,
01_AI_L8_control,12,,,CM3020 Artificial Intelligence_lecture 8-2.pptx,pptx,32,62,487,3,1,0.3819,3,0.4188,1,0,0,0,3,0.382,58,8.66,118,693,25,45,0.4237,qwen2.5vl:7b,stop,outputs/c3_routing\vision\01_AI_L8_control_p012.txt,
01_AI_L8_control,13,,,CM3020 Artificial Intelligence_lecture 8-2.pptx,pptx,32,0,0,0,1,0.4728,2,0.2953,0,0,0,0,0,0.0,0,7.31,366,2281,117,0,1.0,qwen2.5vl:7b,stop,outputs/c3_routing\vision\01_AI_L8_control_p013.txt,
01_AI_L8_control,14,,,CM3020 Artificial Intelligence_lecture 8-2.pptx,pptx,32,17,143,3,2,0.2749,3,0.1189,2,0,0,0,2,0.2749,15,9.19,145,975,67,15,0.8171,qwen2.5vl:7b,stop,outputs/c3_routing\vision\01_AI_L8_control_p014.txt,
01_AI_L8_control,15,,,CM3020 Artificial Intelligence_lecture 8-2.pptx,pptx,32,18,153,3,1,0.0555,3,0.0558,1,0,0,0,2,0.0556,16,7.88,72,451,18,15,0.5455,qwen2.5vl:7b,stop,outputs/c3_routing\vision\01_AI_L8_control_p015.txt,
01_AI_L8_control,16,,,CM3020 Artificial Intelligence_lecture 8-2.pptx,pptx,32,44,365,2,1,0.1123,5,0.1093,1,0,0,0,2,0.1123,38,8.74,111,755,27,33,0.45,qwen2.5vl:7b,stop,outputs/c3_routing\vision\01_AI_L8_control_p016.txt,
01_AI_L8_control,17,,,CM3020 Artificial Intelligence_lecture 8-2.pptx,pptx,32,63,445,3,1,0.3819,3,0.413,1,0,0,0,3,0.382,59,8.59,115,725,24,34,0.4138,qwen2.5vl:7b,stop,outputs/c3_routing\vision\01_AI_L8_control_p017.txt,
01_AI_L8_control,18,,,CM3020 Artificial Intelligence_lecture 8-2.pptx,pptx,32,99,669,3,1,0.3819,3,0.44,1,0,0,0,3,0.382,90,9.48,156,963,23,51,0.3108,qwen2.5vl:7b,stop,outputs/c3_routing\vision\01_AI_L8_control_p018.txt,
01_AI_L8_control,19,,,CM3020 Artificial Intelligence_lecture 8-2.pptx,pptx,32,8,76,2,0,0.0,3,0.0191,0,0,0,0,2,0.0,6,7.13,11,96,2,7,0.2222,qwen2.5vl:7b,stop,outputs/c3_routing\vision\01_AI_L8_control_p019.txt,
01_AI_L8_control,20,,,CM3020 Artificial Intelligence_lecture 8-2.pptx,pptx,32,94,694,3,0,0.0,3,0.0784,0,0,0,0,3,0.0,88,8.21,93,532,2,51,0.0541,qwen2.5vl:7b,stop,outputs/c3_routing\vision\01_AI_L8_control_p020.txt,
01_AI_L8_control,21,,,CM3020 Artificial Intelligence_lecture 8-2.pptx,pptx,32,65,426,2,2,0.3958,3,0.394,2,0,0,0,2,0.4522,58,7.92,68,445,2,37,0.0513,qwen2.5vl:7b,stop,outputs/c3_routing\vision\01_AI_L8_control_p021.txt,
01_AI_L8_control,22,,,CM3020 Artificial Intelligence_lecture 8-2.pptx,pptx,32,99,901,4,2,0.2666,9,0.2883,0,0,0,1,2,0.0,83,10.19,97,936,6,78,0.075,qwen2.5vl:7b,stop,outputs/c3_routing\vision\01_AI_L8_control_p022.txt,
01_AI_L8_control,23,,,CM3020 Artificial Intelligence_lecture 8-2.pptx,pptx,32,22,387,3,1,0.124,8,0.1357,1,0,0,0,2,0.124,15,9.59,92,803,33,38,0.4714,qwen2.5vl:7b,stop,outputs/c3_routing\vision\01_AI_L8_control_p023.txt,
01_AI_L8_control,24,,,CM3020 Artificial Intelligence_lecture 8-2.pptx,pptx,32,84,518,11,0,0.0,14,0.1072,0,0,0,3,3,0.0,67,9.44,136,887,15,39,0.2778,qwen2.5vl:7b,stop,outputs/c3_routing\vision\01_AI_L8_control_p024.txt,
01_AI_L8_control,25,,,CM3020 Artificial Intelligence_lecture 8-2.pptx,pptx,32,57,365,2,0,0.0,2,0.045,0,0,0,0,2,0.0,48,7.96,60,394,2,31,0.0606,qwen2.5vl:7b,stop,outputs/c3_routing\vision\01_AI_L8_control_p025.txt,
01_AI_L8_control,26,,,CM3020 Artificial Intelligence_lecture 8-2.pptx,pptx,32,35,196,2,0,0.0,2,0.0264,0,0,0,0,2,0.0,30,7.33,38,222,2,17,0.1053,qwen2.5vl:7b,stop,outputs/c3_routing\vision\01_AI_L8_control_p026.txt,
01_AI_L8_control,27,,,CM3020 Artificial Intelligence_lecture 8-2.pptx,pptx,32,64,373,4,2,0.4212,2,0.1302,2,0,0,0,2,0.4074,56,8.09,67,398,2,24,0.0769,qwen2.5vl:7b,stop,outputs/c3_routing\vision\01_AI_L8_control_p027.txt,
01_AI_L8_control,28,,,CM3020 Artificial Intelligence_lecture 8-2.pptx,pptx,32,109,771,9,0,0.0,15,0.1353,0,0,0,3,3,0.0,94,3.92,172,1179,16,64,0.2,qwen2.5vl:7b,stop,outputs/c3_routing\vision\01_AI_L8_control_p028.txt,
01_AI_L8_control,29,,,CM3020 Artificial Intelligence_lecture 8-2.pptx,pptx,32,34,215,3,1,0.1406,2,0.0628,1,0,0,0,3,0.1406,33,8.77,119,745,29,19,0.6444,qwen2.5vl:7b,stop,outputs/c3_routing\vision\01_AI_L8_control_p029.txt,
01_AI_L8_control,30,,,CM3020 Artificial Intelligence_lecture 8-2.pptx,pptx,32,34,208,2,1,0.494,2,0.3777,1,0,0,0,2,0.3413,30,8.91,118,741,40,18,0.6897,qwen2.5vl:7b,stop,outputs/c3_routing\vision\01_AI_L8_control_p030.txt,
01_AI_L8_control,31,,,CM3020 Artificial Intelligence_lecture 8-2.pptx,pptx,32,62,361,3,1,0.0565,2,0.1217,1,0,0,0,2,0.0566,55,8.78,102,621,14,22,0.3889,qwen2.5vl:7b,stop,outputs/c3_routing\vision\01_AI_L8_control_p031.txt,
01_AI_L8_control,32,,,CM3020 Artificial Intelligence_lecture 8-2.pptx,pptx,32,67,532,4,0,0.0,5,0.0815,0,0,0,0,3,0.0,57,8.70,67,535,3,47,0.0652,qwen2.5vl:7b,stop,outputs/c3_routing\vision\01_AI_L8_control_p032.txt,
02_AI_L6_mixed,1,,,CM3020 Artificial Intelligence_lecture 6.pptx,pptx,34,37,219,7,0,0.0,5,0.9934,0,0,0,0,3,0.0,34,7.46,40,238,2,19,0.0952,qwen2.5vl:7b,stop,outputs/c3_routing\vision\02_AI_L6_mixed_p001.txt,
02_AI_L6_mixed,2,,,CM3020 Artificial Intelligence_lecture 6.pptx,pptx,34,43,397,3,0,0.0,7,0.0873,0,0,0,0,2,0.0,35,8.33,46,437,2,35,0.0541,qwen2.5vl:7b,stop,outputs/c3_routing\vision\02_AI_L6_mixed_p002.txt,
02_AI_L6_mixed,3,,,CM3020 Artificial Intelligence_lecture 6.pptx,pptx,34,46,280,2,0,0.0,2,0.055,0,0,0,0,2,0.0,40,7.84,49,300,2,23,0.08,qwen2.5vl:7b,stop,outputs/c3_routing\vision\02_AI_L6_mixed_p003.txt,
02_AI_L6_mixed,4,,,CM3020 Artificial Intelligence_lecture 6.pptx,pptx,34,59,405,3,1,0.1707,4,0.0797,1,0,0,0,3,0.1707,54,11.17,150,967,29,38,0.4328,qwen2.5vl:7b,stop,outputs/c3_routing\vision\02_AI_L6_mixed_p004.txt,
02_AI_L6_mixed,5,,,CM3020 Artificial Intelligence_lecture 6.pptx,pptx,34,82,590,4,1,0.38,14,0.5513,0,0,0,1,3,0.0,74,13.52,293,1961,76,55,0.5984,qwen2.5vl:7b,stop,outputs/c3_routing\vision\02_AI_L6_mixed_p005.txt,
02_AI_L6_mixed,6,,,CM3020 Artificial Intelligence_lecture 6.pptx,pptx,34,18,93,3,1,0.9999,4,1.0,1,0,0,0,2,1.0,18,8.69,103,592,39,8,0.8298,qwen2.5vl:7b,stop,outputs/c3_routing\vision\02_AI_L6_mixed_p006.txt,
02_AI_L6_mixed,7,,,CM3020 Artificial Intelligence_lecture 6.pptx,pptx,34,18,99,3,1,0.5641,5,0.5646,1,0,0,0,2,0.5642,18,8.64,81,471,29,10,0.7632,qwen2.5vl:7b,stop,outputs/c3_routing\vision\02_AI_L6_mixed_p007.txt,
02_AI_L6_mixed,8,,,CM3020 Artificial Intelligence_lecture 6.pptx,pptx,34,15,79,3,3,0.401,4,0.3083,3,0,0,0,2,0.4011,15,8.97,104,619,37,9,0.8043,qwen2.5vl:7b,stop,outputs/c3_routing\vision\02_AI_L6_mixed_p008.txt,
02_AI_L6_mixed,9,,,CM3020 Artificial Intelligence_lecture 6.pptx,pptx,34,29,298,6,1,0.2894,10,0.8548,1,0,0,0,4,0.2894,26,9.24,101,727,25,28,0.4717,qwen2.5vl:7b,stop,outputs/c3_routing\vision\02_AI_L6_mixed_p009.txt,
02_AI_L6_mixed,10,,,CM3020 Artificial Intelligence_lecture 6.pptx,pptx,34,41,322,3,1,0.6176,11,0.2073,1,0,0,0,2,0.6177,32,12.93,238,1830,79,29,0.7453,qwen2.5vl:7b,stop,outputs/c3_routing\vision\02_AI_L6_mixed_p010.txt,
02_AI_L6_mixed,11,,,CM3020 Artificial Intelligence_lecture 6.pptx,pptx,34,139,1086,5,0,0.0,3,0.1268,0,0,0,0,4,0.0,131,9.61,142,1101,2,80,0.0244,qwen2.5vl:7b,stop,outputs/c3_routing\vision\02_AI_L6_mixed_p011.txt,
02_AI_L6_mixed,12,,,CM3020 Artificial Intelligence_lecture 6.pptx,pptx,34,130,761,5,1,0.0881,2,0.12,1,0,0,0,5,0.0881,119,9.19,134,780,3,51,0.0556,qwen2.5vl:7b,stop,outputs/c3_routing\vision\02_AI_L6_mixed_p012.txt,
02_AI_L6_mixed,13,,,CM3020 Artificial Intelligence_lecture 6.pptx,pptx,34,143,833,4,0,0.0,2,0.1082,0,0,0,0,4,0.0,136,9.04,146,855,2,55,0.0351,qwen2.5vl:7b,stop,outputs/c3_routing\vision\02_AI_L6_mixed_p013.txt,
02_AI_L6_mixed,14,,,CM3020 Artificial Intelligence_lecture 6.pptx,pptx,34,101,588,2,2,0.3885,5,0.4108,2,0,0,0,2,0.3886,95,8.74,108,628,3,31,0.0909,qwen2.5vl:7b,stop,outputs/c3_routing\vision\02_AI_L6_mixed_p014.txt,
02_AI_L6_mixed,15,,,CM3020 Artificial Intelligence_lecture 6.pptx,pptx,34,134,776,3,0,0.0,2,0.116,0,0,0,0,2,0.0,129,8.65,137,792,2,47,0.0408,qwen2.5vl:7b,stop,outputs/c3_routing\vision\02_AI_L6_mixed_p015.txt,
02_AI_L6_mixed,16,,,CM3020 Artificial Intelligence_lecture 6.pptx,pptx,34,77,391,6,2,0.3883,2,0.0586,2,0,0,0,2,0.1923,72,9.04,98,591,12,14,0.4615,qwen2.5vl:7b,stop,outputs/c3_routing\vision\02_AI_L6_mixed_p016.txt,
02_AI_L6_mixed,17,,,CM3020 Artificial Intelligence_lecture 6.pptx,pptx,34,79,434,2,1,0.1448,2,0.088,1,0,0,0,2,0.1448,72,7.84,82,458,2,41,0.0465,qwen2.5vl:7b,stop,outputs/c3_routing\vision\02_AI_L6_mixed_p017.txt,
02_AI_L6_mixed,18,,,CM3020 Artificial Intelligence_lecture 6.pptx,pptx,34,8,59,2,2,1.0,6,0.9955,1,0,0,0,2,0.7111,7,8.30,80,447,31,5,0.8611,qwen2.5vl:7b,stop,outputs/c3_routing\vision\02_AI_L6_mixed_p018.txt,
02_AI_L6_mixed,19,,,CM3020 Artificial Intelligence_lecture 6.pptx,pptx,34,167,1225,9,0,0.0,28,0.4557,0,0,1,0,2,0.0,72,7.80,80,444,3,49,0.12,qwen2.5vl:7b,stop,outputs/c3_routing\vision\02_AI_L6_mixed_p019.txt,
02_AI_L6_mixed,20,,,CM3020 Artificial Intelligence_lecture 6.pptx,pptx,34,106,735,3,1,0.0927,4,0.1128,1,0,0,0,3,0.0927,99,10.22,207,1238,32,62,0.3765,qwen2.5vl:7b,stop,outputs/c3_routing\vision\02_AI_L6_mixed_p020.txt,
02_AI_L6_mixed,21,,,CM3020 Artificial Intelligence_lecture 6.pptx,pptx,34,59,554,3,1,0.1322,5,0.099,1,0,0,0,3,0.1322,54,10.14,167,1135,34,48,0.4474,qwen2.5vl:7b,stop,outputs/c3_routing\vision\02_AI_L6_mixed_p021.txt,
02_AI_L6_mixed,22,,,CM3020 Artificial Intelligence_lecture 6.pptx,pptx,34,89,685,7,1,0.0946,4,0.0986,1,0,0,0,3,0.0946,84,8.90,138,824,10,49,0.2128,qwen2.5vl:7b,stop,outputs/c3_routing\vision\02_AI_L6_mixed_p022.txt,
02_AI_L6_mixed,23,,,CM3020 Artificial Intelligence_lecture 6.pptx,pptx,34,120,1015,7,1,0.1192,11,0.2034,0,0,0,1,2,0.0,105,12.00,233,1820,41,78,0.3628,qwen2.5vl:7b,stop,outputs/c3_routing\vision\02_AI_L6_mixed_p023.txt,
02_AI_L6_mixed,24,,,CM3020 Artificial Intelligence_lecture 6.pptx,pptx,34,10,90,3,2,1.0,7,0.9955,1,0,0,0,2,0.7111,8,8.72,92,548,34,7,0.8293,qwen2.5vl:7b,stop,outputs/c3_routing\vision\02_AI_L6_mixed_p024.txt,
02_AI_L6_mixed,25,,,CM3020 Artificial Intelligence_lecture 6.pptx,pptx,34,147,1104,4,1,0.0732,7,0.1793,1,0,0,0,3,0.0323,133,8.72,109,717,1,84,0.0213,qwen2.5vl:7b,stop,outputs/c3_routing\vision\02_AI_L6_mixed_p025.txt,
02_AI_L6_mixed,26,,,CM3020 Artificial Intelligence_lecture 6.pptx,pptx,34,176,1307,8,1,0.0732,9,0.1438,1,0,0,0,4,0.0323,162,9.52,139,899,11,101,0.1774,qwen2.5vl:7b,stop,outputs/c3_routing\vision\02_AI_L6_mixed_p026.txt,
02_AI_L6_mixed,27,,,CM3020 Artificial Intelligence_lecture 6.pptx,pptx,34,121,828,5,1,0.134,7,0.5199,1,0,0,0,2,0.134,112,12.40,317,2045,39,69,0.3645,qwen2.5vl:7b,stop,outputs/c3_routing\vision\02_AI_L6_mixed_p027.txt,
02_AI_L6_mixed,28,,,CM3020 Artificial Intelligence_lecture 6.pptx,pptx,34,98,729,2,1,0.2371,9,0.2929,1,0,0,0,2,0.1931,87,9.04,98,754,3,53,0.0545,qwen2.5vl:7b,stop,outputs/c3_routing\vision\02_AI_L6_mixed_p028.txt,
02_AI_L6_mixed,29,,,CM3020 Artificial Intelligence_lecture 6.pptx,pptx,34,2,67,1,1,0.9999,5,1.0,1,0,0,0,1,1.0,1,6.89,7,105,5,9,0.4167,qwen2.5vl:7b,stop,outputs/c3_routing\vision\02_AI_L6_mixed_p029.txt,
02_AI_L6_mixed,30,,,CM3020 Artificial Intelligence_lecture 6.pptx,pptx,34,14,64,3,0,0.0,2,0.0145,0,0,0,0,3,0.0,13,6.76,17,84,2,6,0.25,qwen2.5vl:7b,stop,outputs/c3_routing\vision\02_AI_L6_mixed_p030.txt,
02_AI_L6_mixed,31,,,CM3020 Artificial Intelligence_lecture 6.pptx,pptx,34,16,135,4,1,0.2848,3,0.081,1,0,0,0,4,0.2848,15,8.19,80,523,32,12,0.7273,qwen2.5vl:7b,stop,outputs/c3_routing\vision\02_AI_L6_mixed_p031.txt,
02_AI_L6_mixed,32,,,CM3020 Artificial Intelligence_lecture 6.pptx,pptx,34,12,58,1,1,0.731,4,0.9548,1,0,0,0,2,0.6596,12,8.99,97,642,29,6,1.0,qwen2.5vl:7b,stop,outputs/c3_routing\vision\02_AI_L6_mixed_p032.txt,
02_AI_L6_mixed,33,,,CM3020 Artificial Intelligence_lecture 6.pptx,pptx,34,26,135,4,2,0.4239,7,0.1522,1,0,0,0,2,0.1267,23,7.11,29,155,2,13,0.1333,qwen2.5vl:7b,stop,outputs/c3_routing\vision\02_AI_L6_mixed_p033.txt,
02_AI_L6_mixed,34,,,CM3020 Artificial Intelligence_lecture 6.pptx,pptx,34,36,197,5,4,0.6065,9,0.2259,3,0,0,0,2,0.3093,32,8.80,107,728,38,18,0.6786,qwen2.5vl:7b,stop,outputs/c3_routing\vision\02_AI_L6_mixed_p034.txt,
03_ISP_L10_image_heavy,1,,,CM3065 Lesson 10.pdf,pdf,30,9,64,2,12,1.0,2,0.6794,,,,,,,,7.75,68,427,19,8,0.7037,qwen2.5vl:7b,stop,outputs/c3_routing\vision\03_ISP_L10_image_heavy_p001.txt,
03_ISP_L10_image_heavy,2,,,CM3065 Lesson 10.pdf,pdf,30,8,58,1,13,1.0,2,0.9907,,,,,,,,6.87,11,76,2,6,0.25,qwen2.5vl:7b,stop,outputs/c3_routing\vision\03_ISP_L10_image_heavy_p002.txt,
03_ISP_L10_image_heavy,3,,,CM3065 Lesson 10.pdf,pdf,30,32,231,2,6,1.0,2,0.2611,,,,,,,,7.20,35,251,2,14,0.125,qwen2.5vl:7b,stop,outputs/c3_routing\vision\03_ISP_L10_image_heavy_p003.txt,
03_ISP_L10_image_heavy,4,,,CM3065 Lesson 10.pdf,pdf,30,2,12,1,13,1.0,2,0.997,,,,,,,,6.81,5,32,2,2,0.5,qwen2.5vl:7b,stop,outputs/c3_routing\vision\03_ISP_L10_image_heavy_p004.txt,
03_ISP_L10_image_heavy,5,,,CM3065 Lesson 10.pdf,pdf,30,25,145,3,6,1.0,2,0.2545,,,,,,,,7.10,28,164,2,15,0.1176,qwen2.5vl:7b,stop,outputs/c3_routing\vision\03_ISP_L10_image_heavy_p005.txt,
03_ISP_L10_image_heavy,6,,,CM3065 Lesson 10.pdf,pdf,30,51,286,2,6,1.0,2,0.2781,,,,,,,,7.83,54,307,2,27,0.069,qwen2.5vl:7b,stop,outputs/c3_routing\vision\03_ISP_L10_image_heavy_p006.txt,
03_ISP_L10_image_heavy,7,,,CM3065 Lesson 10.pdf,pdf,30,69,377,3,6,1.0,2,0.2825,,,,,,,,8.22,72,397,2,35,0.0541,qwen2.5vl:7b,stop,outputs/c3_routing\vision\03_ISP_L10_image_heavy_p007.txt,
03_ISP_L10_image_heavy,8,,,CM3065 Lesson 10.pdf,pdf,30,57,347,4,6,1.0,2,0.2789,,,,,,,,7.53,60,369,2,31,0.0606,qwen2.5vl:7b,stop,outputs/c3_routing\vision\03_ISP_L10_image_heavy_p008.txt,
03_ISP_L10_image_heavy,9,,,CM3065 Lesson 10.pdf,pdf,30,5,31,1,7,1.0,2,0.3797,,,,,,,,9.30,140,981,44,3,0.9362,qwen2.5vl:7b,stop,outputs/c3_routing\vision\03_ISP_L10_image_heavy_p009.txt,
03_ISP_L10_image_heavy,10,,,CM3065 Lesson 10.pdf,pdf,30,67,456,2,6,1.0,2,0.2989,,,,,,,,8.06,70,483,2,40,0.0476,qwen2.5vl:7b,stop,outputs/c3_routing\vision\03_ISP_L10_image_heavy_p010.txt,
03_ISP_L10_image_heavy,11,,,CM3065 Lesson 10.pdf,pdf,30,51,361,2,6,1.0,2,0.2814,,,,,,,,7.56,54,381,2,28,0.0667,qwen2.5vl:7b,stop,outputs/c3_routing\vision\03_ISP_L10_image_heavy_p011.txt,
03_ISP_L10_image_heavy,12,,,CM3065 Lesson 10.pdf,pdf,30,58,366,2,6,1.0,2,0.2821,,,,,,,,7.56,61,386,2,31,0.0606,qwen2.5vl:7b,stop,outputs/c3_routing\vision\03_ISP_L10_image_heavy_p012.txt,
03_ISP_L10_image_heavy,13,,,CM3065 Lesson 10.pdf,pdf,30,7,66,3,8,1.0,2,0.3574,,,,,,,,12.63,315,2048,72,4,0.9474,qwen2.5vl:7b,stop,outputs/c3_routing\vision\03_ISP_L10_image_heavy_p013.txt,
03_ISP_L10_image_heavy,14,,,CM3065 Lesson 10.pdf,pdf,30,58,370,2,6,1.0,2,0.2815,,,,,,,,7.76,61,404,2,32,0.0588,qwen2.5vl:7b,stop,outputs/c3_routing\vision\03_ISP_L10_image_heavy_p014.txt,
03_ISP_L10_image_heavy,15,,,CM3065 Lesson 10.pdf,pdf,30,34,189,2,6,1.0,2,0.2514,,,,,,,,7.33,37,217,2,14,0.125,qwen2.5vl:7b,stop,outputs/c3_routing\vision\03_ISP_L10_image_heavy_p015.txt,
03_ISP_L10_image_heavy,16,,,CM3065 Lesson 10.pdf,pdf,30,61,315,3,6,1.0,2,0.2749,,,,,,,,8.05,64,359,2,35,0.0541,qwen2.5vl:7b,stop,outputs/c3_routing\vision\03_ISP_L10_image_heavy_p016.txt,
03_ISP_L10_image_heavy,17,,,CM3065 Lesson 10.pdf,pdf,30,8,46,1,13,1.0,2,0.9923,,,,,,,,6.70,11,65,2,5,0.2857,qwen2.5vl:7b,stop,outputs/c3_routing\vision\03_ISP_L10_image_heavy_p017.txt,
03_ISP_L10_image_heavy,18,,,CM3065 Lesson 10.pdf,pdf,30,29,183,2,6,1.0,2,0.2493,,,,,,,,7.06,28,195,2,17,0.1053,qwen2.5vl:7b,stop,outputs/c3_routing\vision\03_ISP_L10_image_heavy_p018.txt,
03_ISP_L10_image_heavy,19,,,CM3065 Lesson 10.pdf,pdf,30,5,31,1,7,1.0,2,0.445,,,,,,,,6.81,8,51,2,4,0.3333,qwen2.5vl:7b,stop,outputs/c3_routing\vision\03_ISP_L10_image_heavy_p019.txt,
03_ISP_L10_image_heavy,20,,,CM3065 Lesson 10.pdf,pdf,30,19,131,3,7,1.0,2,0.3667,,,,,,,,9.92,164,1080,57,11,0.8382,qwen2.5vl:7b,stop,outputs/c3_routing\vision\03_ISP_L10_image_heavy_p020.txt,
03_ISP_L10_image_heavy,21,,,CM3065 Lesson 10.pdf,pdf,30,48,285,3,7,1.0,3,0.3359,,,,,,,,8.88,121,758,23,30,0.434,qwen2.5vl:7b,stop,outputs/c3_routing\vision\03_ISP_L10_image_heavy_p021.txt,
03_ISP_L10_image_heavy,22,,,CM3065 Lesson 10.pdf,pdf,30,51,279,2,7,1.0,4,0.3504,,,,,,,,10.30,193,1250,28,27,0.5091,qwen2.5vl:7b,stop,outputs/c3_routing\vision\03_ISP_L10_image_heavy_p022.txt,
03_ISP_L10_image_heavy,23,,,CM3065 Lesson 10.pdf,pdf,30,46,257,2,7,1.0,3,0.3464,,,,,,,,8.20,93,594,25,27,0.4808,qwen2.5vl:7b,stop,outputs/c3_routing\vision\03_ISP_L10_image_heavy_p023.txt,
03_ISP_L10_image_heavy,24,,,CM3065 Lesson 10.pdf,pdf,30,32,183,2,7,1.0,3,0.338,,,,,,,,8.48,95,622,23,22,0.5111,qwen2.5vl:7b,stop,outputs/c3_routing\vision\03_ISP_L10_image_heavy_p024.txt,
03_ISP_L10_image_heavy,25,,,CM3065 Lesson 10.pdf,pdf,30,5,37,1,13,1.0,2,0.9933,,,,,,,,6.67,8,56,2,4,0.3333,qwen2.5vl:7b,stop,outputs/c3_routing\vision\03_ISP_L10_image_heavy_p025.txt,
03_ISP_L10_image_heavy,26,,,CM3065 Lesson 10.pdf,pdf,30,86,621,6,6,1.0,2,0.2896,,,,,,,,8.71,86,512,2,40,0.0476,qwen2.5vl:7b,stop,outputs/c3_routing\vision\03_ISP_L10_image_heavy_p026.txt,
03_ISP_L10_image_heavy,27,,,CM3065 Lesson 10.pdf,pdf,30,10,75,2,6,1.0,2,0.2423,,,,,,,,6.88,13,94,2,8,0.2,qwen2.5vl:7b,stop,outputs/c3_routing\vision\03_ISP_L10_image_heavy_p027.txt,
03_ISP_L10_image_heavy,28,,,CM3065 Lesson 10.pdf,pdf,30,10,77,2,6,1.0,2,0.2424,,,,,,,,6.77,13,96,2,8,0.2,qwen2.5vl:7b,stop,outputs/c3_routing\vision\03_ISP_L10_image_heavy_p028.txt,
03_ISP_L10_image_heavy,29,,,CM3065 Lesson 10.pdf,pdf,30,51,362,2,6,1.0,2,0.287,,,,,,,,7.71,54,381,2,35,0.0541,qwen2.5vl:7b,stop,outputs/c3_routing\vision\03_ISP_L10_image_heavy_p029.txt,
03_ISP_L10_image_heavy,30,,,CM3065 Lesson 10.pdf,pdf,30,4,18,1,13,1.0,2,0.9968,,,,,,,,6.57,7,38,2,2,0.5,qwen2.5vl:7b,stop,outputs/c3_routing\vision\03_ISP_L10_image_heavy_p030.txt,
04_GP_T7_extreme,1,,,CM2030_GP_PPT7-CourseraWeeks13&14.pptx,pptx,15,43,267,2,1,0.0055,2,0.0398,1,0,0,0,2,0.0055,43,4.90,46,285,2,25,0.0741,qwen2.5vl:7b,stop,outputs/c3_routing\vision\04_GP_T7_extreme_p001.txt,
04_GP_T7_extreme,2,,,CM2030_GP_PPT7-CourseraWeeks13&14.pptx,pptx,15,5,25,2,2,0.556,2,0.243,2,0,0,0,1,0.5561,5,8.29,211,1247,59,2,0.9672,qwen2.5vl:7b,stop,outputs/c3_routing\vision\04_GP_T7_extreme_p002.txt,
04_GP_T7_extreme,3,,,CM2030_GP_PPT7-CourseraWeeks13&14.pptx,pptx,15,5,25,2,3,0.4945,2,0.2969,3,0,0,0,1,0.4946,5,6.50,129,723,37,2,0.9487,qwen2.5vl:7b,stop,outputs/c3_routing\vision\04_GP_T7_extreme_p003.txt,
04_GP_T7_extreme,4,,,CM2030_GP_PPT7-CourseraWeeks13&14.pptx,pptx,15,0,0,0,2,0.7435,2,0.4414,2,0,0,0,0,0.7436,0,7.48,155,961,55,0,1.0,qwen2.5vl:7b,stop,outputs/c3_routing\vision\04_GP_T7_extreme_p004.txt,
04_GP_T7_extreme,5,,,CM2030_GP_PPT7-CourseraWeeks13&14.pptx,pptx,15,0,0,0,3,0.7522,2,0.3471,3,0,0,0,0,0.7524,0,5.28,36,200,23,0,1.0,qwen2.5vl:7b,stop,outputs/c3_routing\vision\04_GP_T7_extreme_p005.txt,
04_GP_T7_extreme,6,,,CM2030_GP_PPT7-CourseraWeeks13&14.pptx,pptx,15,81,808,3,4,0.463,2,0.241,4,0,0,0,1,0.4632,81,6.70,139,915,53,30,0.9298,qwen2.5vl:7b,stop,outputs/c3_routing\vision\04_GP_T7_extreme_p006.txt,
04_GP_T7_extreme,7,,,CM2030_GP_PPT7-CourseraWeeks13&14.pptx,pptx,15,190,1638,12,3,0.1916,2,0.2167,3,0,0,0,2,0.1917,190,8.92,202,1341,44,30,0.5946,qwen2.5vl:7b,stop,outputs/c3_routing\vision\04_GP_T7_extreme_p007.txt,
04_GP_T7_extreme,8,,,CM2030_GP_PPT7-CourseraWeeks13&14.pptx,pptx,15,0,0,0,2,0.5409,2,0.2672,2,0,0,0,0,0.5673,0,5.93,82,489,38,0,1.0,qwen2.5vl:7b,stop,outputs/c3_routing\vision\04_GP_T7_extreme_p008.txt,
04_GP_T7_extreme,9,,,CM2030_GP_PPT7-CourseraWeeks13&14.pptx,pptx,15,3,23,2,5,0.5604,2,0.2135,5,0,0,0,1,0.5605,3,6.25,80,452,40,2,0.9524,qwen2.5vl:7b,stop,outputs/c3_routing\vision\04_GP_T7_extreme_p009.txt,
04_GP_T7_extreme,10,,,CM2030_GP_PPT7-CourseraWeeks13&14.pptx,pptx,15,11,82,3,4,0.4628,2,0.1945,4,0,0,0,2,0.463,11,6.63,134,838,42,7,0.8571,qwen2.5vl:7b,stop,outputs/c3_routing\vision\04_GP_T7_extreme_p010.txt,
04_GP_T7_extreme,11,,,CM2030_GP_PPT7-CourseraWeeks13&14.pptx,pptx,15,126,1135,7,2,0.1889,2,0.1335,2,0,0,0,2,0.1889,126,5.44,73,409,23,55,0.7188,qwen2.5vl:7b,stop,outputs/c3_routing\vision\04_GP_T7_extreme_p011.txt,
04_GP_T7_extreme,12,,,CM2030_GP_PPT7-CourseraWeeks13&14.pptx,pptx,15,51,515,6,2,0.1988,2,0.1108,2,0,0,0,2,0.1989,51,7.22,170,1018,58,30,0.8657,qwen2.5vl:7b,stop,outputs/c3_routing\vision\04_GP_T7_extreme_p012.txt,
04_GP_T7_extreme,13,,,CM2030_GP_PPT7-CourseraWeeks13&14.pptx,pptx,15,3,23,2,2,0.3359,2,0.2223,2,0,0,0,1,0.336,3,4.44,6,41,2,2,0.5,qwen2.5vl:7b,stop,outputs/c3_routing\vision\04_GP_T7_extreme_p013.txt,
04_GP_T7_extreme,14,,,CM2030_GP_PPT7-CourseraWeeks13&14.pptx,pptx,15,124,1146,7,2,0.1712,2,0.1326,2,0,0,0,2,0.1712,124,9.11,217,1430,29,52,0.358,qwen2.5vl:7b,stop,outputs/c3_routing\vision\04_GP_T7_extreme_p014.txt,
04_GP_T7_extreme,15,,,CM2030_GP_PPT7-CourseraWeeks13&14.pptx,pptx,15,32,294,4,1,0.0055,6,0.0486,1,0,0,0,1,0.0055,31,5.48,34,306,3,27,0.1071,qwen2.5vl:7b,stop,outputs/c3_routing\vision\04_GP_T7_extreme_p015.txt,
